{
  "set_id": "1",
  "pf_ext": 0.5726929386276762,
  "avg_return_pct_ext": -0.29385855344212786,
  "max_dd_pct_ext": 0.6662959733434844,
  "max_dd_amount_ext": 66.87941541536566,
  "gross_profit": 39.384024680329084,
  "gross_loss": 68.76988002454443,
  "trades_total": 28,
  "win_rate": 7.142857142857142,
  "average_r": -0.034878526905775635,
  "return_distribution": {
    "p10": -0.3675134266802969,
    "p50": -0.3285541317855966,
    "p90": -0.2892988453973195
  },
  "monthly": [
    {
      "month": "2024-01",
      "pnl": -29.38585534421535,
      "trades": 28,
      "win_rate": 7.142857142857142
    }
  ],
  "pf_drift_ext": -0.6973070613723238,
  "dd_change_ext": -17.333704026656516,
  "pf_40_60": 1.27,
  "max_dd_40_60": 18.0,
  "final_equity": 9970.614144655787,
  "net_profit": -29.385855344215347
}