{
  "set_id": "2",
  "pf_ext": 0.0,
  "avg_return_pct_ext": -1.0137388517515333,
  "max_dd_pct_ext": 1.013738851751532,
  "max_dd_amount_ext": 101.37388517515319,
  "gross_profit": 0,
  "gross_loss": 101.37388517515669,
  "trades_total": 33,
  "win_rate": 0.0,
  "average_r": -0.10278015029670337,
  "return_distribution": {
    "p10": -0.4162563517619875,
    "p50": -0.3525106313709429,
    "p90": -0.326936781952565
  },
  "monthly": [
    {
      "month": "2024-01",
      "pnl": -101.3738851751567,
      "trades": 33,
      "win_rate": 0.0
    }
  ],
  "pf_drift_ext": -1.31,
  "dd_change_ext": -14.986261148248468,
  "pf_40_60": 1.31,
  "max_dd_40_60": 16.0,
  "final_equity": 9898.626114824847,
  "net_profit": -101.37388517515669
}